amed@gmail.com,amed,1124
ashraf@gmail.com,ashraf,1111
ayman@gmail.com,aymooon,9999
bassam@gmail.com,Bassam,bs12
hamdy@gmail.com,hamdiola,ahmed1234
hoss@gmail.com,hossam,2222
khalx@gmail.com,khalx,1212
loki@gmail.com,loki,4412
malak@gmail.com,malak,malak
remika@gmail.com,remika,7777
roka@gmail.com,roka,1212
